{
    "name": "isikkusgoz",
    "emotions": {
        "anger": 0.1755259232595563,
        "disgust": 1.8354003872289582e-07,
        "fear": 0.09201888460665941,
        "happy": 0.5633733700960875,
        "neutral": 99.13079142570496,
        "sad": 0.032846597605384886,
        "surprise": 0.005436634819488972
    },
    "time": 1718649812.7790518
}